Business Name,Website,Phone Number,Address,Rating,Category,Emails,Social Links
Taps & Toilets Ltd,https://tapstoilets.co.uk/,07900 555819 ," 5 Garden Cl, Storrington, Pulborough RH20 4PL",N/A,N/A,"tapsandtoilets@hotmail.com, info@tapsandtoilets.co.uk",N/A
Edwards Heating Solutions Ltd,https://www.edwardsheatingsolutions.co.uk/,07767 017171 ," Detling Rd, Crawley RH11 9QL",N/A,N/A,"Nathan@edwardsheatingsolutions.co.uk, nathan@edwardsheatingsolutions.co.uk",Facebook: https://www.facebook.com/profile.php | Instagram: https://www.instagram.com/edwards.heating.solutions
LMF Plumbing and Heating,https://www.lmfplumbingandheating.uk/,N/A,N/A,N/A,N/A,lewis@lmfplumbingandheating.net,N/A
E J Becket Plumbing & Heating,http://www.ejbecket.com/,07707 229073 ,N/A,N/A,N/A,", eddy@ejbecket.com, Eddy@ejbecket.com",Facebook: https://facebook.com/https
JE Plumbing & Heating,http://www.jeplumbing-heating.co.uk/,07939 577137 ,N/A,N/A,N/A,josh@jeplumbing-heating.co.uk,Facebook: https://www.facebook.com/jeplumbingandheating2020
Blakeley plumbing services,http://www.blakeleyplumbing.com/,01293 730840 ," 180 Weald Dr, Crawley RH10 6NN",N/A,N/A,info@blakeleyplumbing.com,Facebook: https://www.facebook.com/Blakeplumb
Waterboy Plumbing and Heating LTD,https://waterboy.uk/,07922 251175 ," 24 Matthews Dr, Crawley RH10 7HH",N/A,N/A,info@waterboy.uk,Facebook: https://www.facebook.com/waterboyplumbingandheating | Instagram: https://instagram.com/waterboyplumbing
Alogic,http://www.alogicplumbing.co.uk/,07984 138876 ," 82 Furnace Dr, Crawley RH10 6JE",N/A,N/A,alogicgas@blueyonder.co.uk,Facebook: https://www.facebook.com/profile.php | Instagram: https://www.instagram.com/alogicplumbing
The Drain Guys,https://www.thedrainguys.co.uk/?utm_source=GMBlistingHorsham&utm_medium=organic,0800 043 5452 ," Unit 15 Pelham Ct, Pelham Pl, Crawley RH11 9SH",N/A,N/A,info@thedrainguys.co.uk,N/A
CB Heating & Plumbing,https://cbheatingandplumbingltd.co.uk/contact-us/,07917 875184 ," 54 Trefoil Cres, Crawley RH11 9EZ",N/A,N/A,chrisbondheating@aol.com,Facebook: https://www.facebook.com/cbheatingandplumbingservices | Instagram: https://www.instagram.com/cbheatingandplumbing
