Business Name,Website,Phone Number,Address,Rating,Category,Emails,Social Links
Safe Gas Heating & Plumbing Ltd,http://www.crawleyplumbers.co.uk/,07846 750359 ," 36 The Mdw, Crawley RH10 3RQ",N/A,N/A,N/A,Facebook: https://www.facebook.com/SafeGasHeatingPlumbing
Coastal Drains Ltd,https://coastaldrains.co.uk/,01903 766353 ," Unit 3, Wayside, 7 Commerce Way, Sompting, Lancing BN15 8SW",N/A,N/A,"Group-77@2x.png, info@coastaldrains.co.uk, tom-hoppe-ycBgDfqqcHw-unsplash@2x-1400x1150.jpg",Facebook: https://www.facebook.com/tr
LMF Plumbing and Heating,https://www.lmfplumbingandheating.uk/,N/A,N/A,N/A,N/A,lewis@lmfplumbingandheating.net,N/A
E J Becket Plumbing & Heating,http://www.ejbecket.com/,07707 229073 ,N/A,N/A,N/A,", Eddy@ejbecket.com, eddy@ejbecket.com",Facebook: https://facebook.com/https
JE Plumbing & Heating,http://www.jeplumbing-heating.co.uk/,07939 577137 ,N/A,N/A,N/A,josh@jeplumbing-heating.co.uk,Facebook: https://www.facebook.com/jeplumbingandheating2020
Blakeley plumbing services,http://www.blakeleyplumbing.com/,01293 730840 ," 180 Weald Dr, Crawley RH10 6NN",N/A,N/A,info@blakeleyplumbing.com,Facebook: https://www.facebook.com/Blakeplumb
Waterboy Plumbing and Heating LTD,https://waterboy.uk/,07922 251175 ," 24 Matthews Dr, Crawley RH10 7HH",N/A,N/A,info@waterboy.uk,Facebook: https://www.facebook.com/waterboyplumbingandheating | Instagram: https://instagram.com/waterboyplumbing
Edwards Heating Solutions Ltd,https://www.edwardsheatingsolutions.co.uk/,07767 017171 ," Detling Rd, Crawley RH11 9QL",N/A,N/A,"Nathan@edwardsheatingsolutions.co.uk, nathan@edwardsheatingsolutions.co.uk",Facebook: https://www.facebook.com/profile.php | Instagram: https://www.instagram.com/edwards.heating.solutions
The Drain Guys,https://www.thedrainguys.co.uk/?utm_source=GMBlistingHorsham&utm_medium=organic,0800 043 5452 ," Unit 15 Pelham Ct, Pelham Pl, Crawley RH11 9SH",N/A,N/A,info@thedrainguys.co.uk,N/A
Alogic,http://www.alogicplumbing.co.uk/,07984 138876 ," 82 Furnace Dr, Crawley RH10 6JE",N/A,N/A,alogicgas@blueyonder.co.uk,Facebook: https://www.facebook.com/profile.php | Instagram: https://www.instagram.com/alogicplumbing
